name,href
Ultratech Cement Ltd.,https://groww.in/stocks/ultratech-cement-ltd
Reliance Industries Ltd.,https://groww.in/stocks/reliance-industries-ltd
Larsen & Toubro Ltd.,https://groww.in/stocks/larsen-toubro-ltd
Maruti Suzuki India Ltd.,https://groww.in/stocks/maruti-suzuki-india-ltd
Bharat Petroleum Corporation Ltd.,https://groww.in/stocks/bharat-petroleum-corporation-ltd
Hero Motocorp Ltd.,https://groww.in/stocks/hero-motocorp-ltd
Hindustan Petroleum Corporation Ltd.,https://groww.in/stocks/hindustan-petroleum-corporation-ltd
Hindustan Aeronautics Ltd.,https://groww.in/stocks/hindustan-aeronautics-ltd
Tata Motors Ltd. - DVR Ordinary,https://groww.in/stocks/tata-motors-dvr-ordinary
Samvardhana Motherson International Ltd.,https://groww.in/stocks/motherson-sumi-systems-ltd
Grasim Industries Ltd.,https://groww.in/stocks/grasim-industries-ltd
Lupin Ltd.,https://groww.in/stocks/lupin-ltd
Alkem Laboratories Ltd.,https://groww.in/stocks/alkem-laboratories-ltd
AIA Engineering Ltd.,https://groww.in/stocks/aia-engineering-ltd
Syngene International Ltd.,https://groww.in/stocks/syngene-international-ltd
NTPC Ltd.,https://groww.in/stocks/ntpc-ltd
Schaeffler India Ltd.,https://groww.in/stocks/schaeffler-india-ltd
Mahindra & Mahindra Ltd.,https://groww.in/stocks/mahindra-mahindra-ltd
United Breweries Ltd.,https://groww.in/stocks/united-breweries-ltd
Torrent Pharmaceuticals Ltd.,https://groww.in/stocks/torrent-pharmaceuticals-ltd
Tata Steel Ltd.,https://groww.in/stocks/tata-steel-ltd
Apollo Tyres Ltd.,https://groww.in/stocks/apollo-tyres-ltd
Hindalco Industries Ltd.,https://groww.in/stocks/hindalco-industries-ltd
Glaxosmithkline Pharmaceuticals Ltd.,https://groww.in/stocks/glaxosmithkline-pharmaceuticals-ltd
Birla Corporation Ltd.,https://groww.in/stocks/birla-corporation-ltd
Procter & Gamble Hygiene and Health Care Ltd.,https://groww.in/stocks/procter-gamble-hygiene-health-care-ltd
Chambal Fertilisers and Chemicals Ltd.,https://groww.in/stocks/chambal-fertilisers-chemicals-ltd
Sun Pharmaceutical Industries Ltd.,https://groww.in/stocks/sun-pharmaceutical-industries-ltd
Gillette India Ltd.,https://groww.in/stocks/gillette-india-ltd
Bajaj Auto Ltd.,https://groww.in/stocks/bajaj-auto-ltd
Bharat Electronics Ltd.,https://groww.in/stocks/bharat-electronics-ltd
GAIL (India) Ltd.,https://groww.in/stocks/gail-india-ltd
Endurance Technologies Ltd.,https://groww.in/stocks/endurance-technologies-ltd
GE T&D India Ltd.,https://groww.in/stocks/ge-td-india-ltd
3M India Ltd.,https://groww.in/stocks/m-india-ltd
UNO Minda Ltd.,https://groww.in/stocks/minda-industries-ltd
FDC Ltd.,https://groww.in/stocks/fdc-ltd
Atul Ltd.,https://groww.in/stocks/atul-ltd
Ambuja Cements Ltd.,https://groww.in/stocks/ambuja-cements-ltd
Ashok Leyland Ltd.,https://groww.in/stocks/ashok-leyland-ltd
Natco Pharma Ltd.,https://groww.in/stocks/natco-pharma-ltd
Heidelberg Cement India Ltd.,https://groww.in/stocks/heidelberg-cement-india-ltd
PCBL Ltd.,https://groww.in/stocks/phillips-carbon-black-ltd
Hindustan Copper Ltd.,https://groww.in/stocks/hindustan-copper-ltd
Bayer CropScience Ltd.,https://groww.in/stocks/bayer-cropscience-ltd
Whirlpool Of India Ltd.,https://groww.in/stocks/whirlpool-of-india-ltd
Biocon Ltd.,https://groww.in/stocks/biocon-ltd
Siemens Ltd.,https://groww.in/stocks/siemens-ltd
Tata Motors Ltd.,https://groww.in/stocks/tata-motors-ltd
Bosch Ltd.,https://groww.in/stocks/bosch-ltd
Eicher Motors Ltd.,https://groww.in/stocks/eicher-motors-ltd
Interglobe Aviation Ltd.,https://groww.in/stocks/interglobe-aviation-ltd
VRL Logistics Ltd.,https://groww.in/stocks/vrl-logistics-ltd
Escorts Kubota Ltd.,https://groww.in/stocks/escorts-ltd
Container Corporation Of India Ltd.,https://groww.in/stocks/container-corporation-of-india-ltd
MRF Ltd.,https://groww.in/stocks/mrf-ltd
Bharat Forge Ltd.,https://groww.in/stocks/bharat-forge-ltd
Automotive Axles Ltd.,https://groww.in/stocks/automotive-axles-ltd
Motherson Sumi Wiring India Ltd.,https://groww.in/stocks/motherson-sumi-wiring-india-ltd
Steel Strips Wheels Ltd.,https://groww.in/stocks/steel-strips-wheels-ltd
Jamna Auto Industries Ltd.,https://groww.in/stocks/jamna-auto-industries-ltd
Alicon Castalloy Ltd.,https://groww.in/stocks/alicon-castalloy-ltd
Exide Industries Ltd.,https://groww.in/stocks/exide-industries-ltd
Gateway Distriparks Ltd.,https://groww.in/stocks/gateway-distriparks-ltd-394
Sandhar Technologies Ltd.,https://groww.in/stocks/sandhar-technologies-ltd
GNA Axles Ltd.,https://groww.in/stocks/gna-axles-ltd
Transport Corporation Of India Ltd.,https://groww.in/stocks/transport-corporation-of-india-ltd
Sundram Fasteners Ltd.,https://groww.in/stocks/sundram-fasteners-ltd
Subros Ltd.,https://groww.in/stocks/subros-ltd
Lumax Industries Ltd.,https://groww.in/stocks/lumax-industries-ltd
HDFC Bank Ltd.,https://groww.in/stocks/hdfc-bank-ltd
State Bank of India,https://groww.in/stocks/state-bank-of-india
The Indian Hotels Company Ltd.,https://groww.in/stocks/the-indian-hotels-company-ltd
Bikaji Foods International Ltd.,https://groww.in/stocks/bikaji-foods-international-ltd
LTIMindtree Ltd.,https://groww.in/stocks/larsen-toubro-infotech-ltd
Jindal Steel & Power Ltd.,https://groww.in/stocks/jindal-steel-power-ltd
Voltas Ltd.,https://groww.in/stocks/voltas-ltd
RBL Bank Ltd.,https://groww.in/stocks/rbl-bank-ltd
Tata Consumer Products Ltd.,https://groww.in/stocks/tata-global-beverages-ltd
Wipro Ltd.,https://groww.in/stocks/wipro-ltd
Zensar Technologies Ltd.,https://groww.in/stocks/zensar-technologies-ltd
HCL Technologies Ltd.,https://groww.in/stocks/hcl-technologies-ltd
Linde India Ltd.,https://groww.in/stocks/linde-india-ltd
Tata Communications Ltd.,https://groww.in/stocks/tata-communications-ltd
Shree Cement Ltd.,https://groww.in/stocks/shree-cement-ltd
ICICI Bank Ltd.,https://groww.in/stocks/icici-bank-ltd
Infosys Ltd.,https://groww.in/stocks/infosys-ltd
Axis Bank Ltd.,https://groww.in/stocks/axis-bank-ltd
JK Cement Ltd.,https://groww.in/stocks/jk-cement-ltd
Polycab India Ltd.,https://groww.in/stocks/polycab-india-ltd
Bajaj Finance Ltd.,https://groww.in/stocks/bajaj-finance-ltd
ABB India Ltd.,https://groww.in/stocks/abb-india-ltd
SRF Ltd.,https://groww.in/stocks/srf-ltd
Coforge Ltd.,https://groww.in/stocks/niit-technologies-ltd
PI Industries Ltd.,https://groww.in/stocks/pi-industries-ltd
KPIT Technologies Ltd.,https://groww.in/stocks/kpit-engineering-ltd
TVS Motor Company Ltd.,https://groww.in/stocks/tvs-motor-company-ltd
Kajaria Ceramics Ltd.,https://groww.in/stocks/kajaria-ceramics-ltd
Titan Company Ltd.,https://groww.in/stocks/titan-company-ltd
Bharti Airtel Ltd.,https://groww.in/stocks/bharti-airtel-ltd
Sona BLW Precision Forgings Ltd.,https://groww.in/stocks/sona-blw-precision-forgings-ltd
Honeywell Automation India Ltd.,https://groww.in/stocks/honeywell-automation-india-ltd
Fortis Healthcare Ltd.,https://groww.in/stocks/fortis-healthcare-ltd
United Spirits Ltd.,https://groww.in/stocks/united-spirits-ltd
Gujarat Gas Ltd.,https://groww.in/stocks/gujarat-gas-ltd
Go Fashion (India) Ltd.,https://groww.in/stocks/go-fashion-india-ltd
Trent Ltd.,https://groww.in/stocks/trent-ltd
Jubilant FoodWorks Ltd.,https://groww.in/stocks/jubilant-foodworks-ltd
Anupam Rasayan India Ltd.,https://groww.in/stocks/anupam-rasayan-india-ltd
The Federal Bank Ltd.,https://groww.in/stocks/the-federal-bank-ltd
Crompton Greaves Consumer Electricals Ltd.,https://groww.in/stocks/crompton-greaves-consumer-electricals-ltd
Aarti Industries Ltd.,https://groww.in/stocks/aarti-industries-ltd
MTAR Technologies Ltd.,https://groww.in/stocks/mtar-technologies-ltd
Gland Pharma Ltd.,https://groww.in/stocks/gland-pharma-ltd
The Ramco Cements Ltd.,https://groww.in/stocks/the-ramco-cements-ltd
Craftsman Automation Ltd.,https://groww.in/stocks/craftsman-automation-ltd
Rolex Rings Ltd,https://groww.in/stocks/rolex-rings-ltd-311
Page Industries Ltd.,https://groww.in/stocks/page-industries-ltd
Devyani International Ltd.,https://groww.in/stocks/devyani-international-ltd
The Phoenix Mills Ltd.,https://groww.in/stocks/phoenix-mills-ltd
Navin Fluorine International Ltd.,https://groww.in/stocks/navin-fluorine-international-ltd
Cholamandalam Investment and Finance Company Ltd.,https://groww.in/stocks/cholamandalam-investment-finance-company-ltd
Gokaldas Exports Ltd.,https://groww.in/stocks/gokaldas-exports-ltd
Max Financial Services Ltd.,https://groww.in/stocks/max-financial-services-ltd
Affle (India) Ltd.,https://groww.in/stocks/affle-india-ltd
FSN E-Commerce Ventures Ltd.,https://groww.in/stocks/fsn-ecommerce-ventures-ltd
One97 Communications Ltd.,https://groww.in/stocks/one-communications-ltd
Avenue Supermarts Ltd.,https://groww.in/stocks/avenue-supermarts-ltd
Metropolis Healthcare Ltd.,https://groww.in/stocks/metropolis-healthcare-ltd
Hindustan Unilever Ltd.,https://groww.in/stocks/hindustan-unilever-ltd
Tata Consultancy Services Ltd.,https://groww.in/stocks/tata-consultancy-services-ltd
Indusind Bank Ltd.,https://groww.in/stocks/indusind-bank-ltd
Power Grid Corporation Of India Ltd.,https://groww.in/stocks/power-grid-corporation-of-india-ltd
Minda Corporation Ltd.,https://groww.in/stocks/minda-corporation-ltd
HDFC Life Insurance Co Ltd.,https://groww.in/stocks/hdfc-standard-life-insurance-co-ltd
Vinati Organics Ltd.,https://groww.in/stocks/vinati-organics-ltd
K.P.R. Mill Ltd.,https://groww.in/stocks/kpr-mill-ltd
DLF Ltd.,https://groww.in/stocks/dlf-ltd
Dabur India Ltd.,https://groww.in/stocks/dabur-india-ltd
Ingersoll-Rand (India) Ltd.,https://groww.in/stocks/ingersollrand-india-ltd
Asian Paints Ltd.,https://groww.in/stocks/asian-paints-ltd
Narayana Hrudayalaya Ltd.,https://groww.in/stocks/narayana-hrudayalaya-ltd
Astral Ltd.,https://groww.in/stocks/astral-poly-technik-ltd
Zydus Lifesciences Ltd.,https://groww.in/stocks/cadila-healthcare-ltd
Kirloskar Oil Engines Ltd.,https://groww.in/stocks/kirloskar-oil-engines-ltd
JK Lakshmi Cement Ltd.,https://groww.in/stocks/jk-lakshmi-cement-ltd
Kaynes Technology India Ltd.,https://groww.in/stocks/kaynes-technology-india-ltd
Arvind Ltd.,https://groww.in/stocks/arvind-ltd
Godrej Properties Ltd.,https://groww.in/stocks/godrej-properties-ltd
NLC India Ltd.,https://groww.in/stocks/nlc-india-ltd
APL Apollo Tubes Ltd.,https://groww.in/stocks/apl-apollo-tubes-ltd
Century Plyboards (India) Ltd.,https://groww.in/stocks/century-plyboards-india-ltd
TD Power Systems Ltd.,https://groww.in/stocks/td-power-systems-ltd
Bajaj Electricals Ltd.,https://groww.in/stocks/bajaj-electricals-ltd
ITC Ltd.,https://groww.in/stocks/itc-ltd
Sanghvi Movers Ltd.,https://groww.in/stocks/sanghvi-movers-ltd
Abbott India Ltd.,https://groww.in/stocks/abbott-india-ltd
Cera Sanitaryware Ltd.,https://groww.in/stocks/cera-sanitaryware-ltd
Carborundum Universal Ltd.,https://groww.in/stocks/carborundum-universal-ltd
ITD Cementation India Ltd.,https://groww.in/stocks/itd-cementation-india-ltd
Finolex Cables Ltd.,https://groww.in/stocks/finolex-cables-ltd
Kotak Mahindra Bank Ltd.,https://groww.in/stocks/kotak-mahindra-bank-ltd
Vesuvius India Ltd.,https://groww.in/stocks/vesuvius-india-ltd
Dixon Technologies (India) Ltd.,https://groww.in/stocks/dixon-technologies-india-ltd
Rainbow Children's Medicare Ltd.,https://groww.in/stocks/rainbow-childrens-medicare-ltd
Ratnamani Metals & Tubes Ltd.,https://groww.in/stocks/ratnamani-metals-tubes-ltd
Balkrishna Industries Ltd.,https://groww.in/stocks/balkrishna-industries-ltd
Cummins India Ltd.,https://groww.in/stocks/cummins-india-ltd
IDFC First Bank Ltd.,https://groww.in/stocks/idfc-bank-ltd
Star Health and Allied Insurance Company Ltd.,https://groww.in/stocks/star-health-and-allied-insurance-company-ltd
Computer Age Management Services Ltd.,https://groww.in/stocks/computer-age-management-services-ltd
Hindustan Oil Exploration Company Ltd.,https://groww.in/stocks/hindustan-oil-exploration-company-ltd
Dr. Reddy's Laboratories Ltd.,https://groww.in/stocks/dr-reddys-laboratories-ltd
Cipla Ltd.,https://groww.in/stocks/cipla-ltd
V-Guard Industries Ltd.,https://groww.in/stocks/vguard-industries-ltd
Coromandel International Ltd.,https://groww.in/stocks/coromandel-international-ltd
Godrej Consumer Products Ltd.,https://groww.in/stocks/godrej-consumer-products-ltd
Thermax Ltd.,https://groww.in/stocks/thermax-ltd
Bata India Ltd.,https://groww.in/stocks/bata-india-ltd
Supreme Industries Ltd.,https://groww.in/stocks/supreme-industries-ltd
Tata Chemicals Ltd.,https://groww.in/stocks/tata-chemicals-ltd
Garware Technical Fibres Ltd.,https://groww.in/stocks/garware-technical-fibres-ltd
Solar Industries India Ltd.,https://groww.in/stocks/solar-industries-india-ltd
Amber Enterprises India Ltd.,https://groww.in/stocks/amber-enterprises-india-ltd
Elin Electronics Ltd.,https://groww.in/stocks/elin-electronics-ltd
Ahluwalia Contracts (India) Ltd.,https://groww.in/stocks/ahluwalia-contracts-india-ltd
H.G. Infra Engineering Ltd.,https://groww.in/stocks/hg-infra-engineering-ltd
Torrent Power Ltd.,https://groww.in/stocks/torrent-power-ltd
PNC Infratech Ltd.,https://groww.in/stocks/pnc-infratech-ltd
Sagar Cements Ltd.,https://groww.in/stocks/sagar-cements-ltd
Kirloskar Brothers Ltd.,https://groww.in/stocks/kirloskar-brothers-ltd
Gujarat State Petronet Ltd.,https://groww.in/stocks/gujarat-state-petronet-ltd
NCC Ltd.,https://groww.in/stocks/ncc-ltd
Engineers India Ltd.,https://groww.in/stocks/engineers-india-ltd
Mahindra Lifespace Developers Ltd.,https://groww.in/stocks/mahindra-lifespace-developers-ltd
Nuvoco Vistas Corporation Ltd.,https://groww.in/stocks/nuvoco-vistas-corporation-ltd
GPT Infraprojects Ltd.,https://groww.in/stocks/gpt-infraprojects-ltd
ISGEC Heavy Engineering Ltd.,https://groww.in/stocks/isgec-heavy-engineering-ltd
Century Textiles & Industries Ltd.,https://groww.in/stocks/century-textiles-industries-ltd
Bharti Airtel Ltd. - (Partly Paid up Equity Shares (Rights Issue)),https://groww.in/stocks/bharti-airtel-ltd-partly-paid-up-equity-shares-rights-issue-352
JB Chemicals & Pharmaceuticals Ltd.,https://groww.in/stocks/jb-chemicals-pharmaceuticals-ltd
Indian Bank,https://groww.in/stocks/indian-bank
Triveni Turbine Ltd.,https://groww.in/stocks/triveni-turbine-ltd
Timken India Ltd.,https://groww.in/stocks/timken-india-ltd
Bank Of Baroda,https://groww.in/stocks/bank-of-baroda
Radico Khaitan Ltd.,https://groww.in/stocks/radico-khaitan-ltd
VIP Industries Ltd.,https://groww.in/stocks/vip-industries-ltd
Balrampur Chini Mills Ltd.,https://groww.in/stocks/balrampur-chini-mills-ltd
Kei Industries Ltd.,https://groww.in/stocks/kei-industries-ltd
Persistent Systems Ltd.,https://groww.in/stocks/persistent-systems-ltd
NHPC Ltd.,https://groww.in/stocks/nhpc-ltd
Dreamfolks Services Ltd.,https://groww.in/stocks/dreamfolks-services-ltd
Orient Electric Ltd.,https://groww.in/stocks/orient-electric-ltd
SBI Life Insurance Company Ltd.,https://groww.in/stocks/sbi-life-insurance-company-ltd
Bharat Dynamics Ltd.,https://groww.in/stocks/bharat-dynamics-ltd
Home First Finance Company India Ltd.,https://groww.in/stocks/home-first-finance-company-india-ltd
Safari Industries (India) Ltd.,https://groww.in/stocks/safari-industries-india-ltd
Havells India Ltd.,https://groww.in/stocks/havells-india-ltd
Apollo Hospitals Enterprise Ltd.,https://groww.in/stocks/apollo-hospitals-enterprise-ltd
Anand Rathi Wealth Ltd.,https://groww.in/stocks/anand-rathi-wealth-services-ltd
Blue Dart Express Ltd.,https://groww.in/stocks/blue-dart-express-ltd
DCB Bank Ltd.,https://groww.in/stocks/dcb-bank-ltd
Sumitomo Chemical India Ltd.,https://groww.in/stocks/sumitomo-chemical-india-ltd
Bank of India,https://groww.in/stocks/bank-of-india
Expleo Solutions Ltd.,https://groww.in/stocks/sqs-india-bfsi-ltd
Delhivery Ltd.,https://groww.in/stocks/delhivery-ltd
Metro Brands Ltd.,https://groww.in/stocks/metro-brands-ltd
Housing Development Finance Corporation Ltd.,https://groww.in/stocks/housing-development-finance-corporation-ltd
Nestle India Ltd.,https://groww.in/stocks/nestle-india-ltd
CG Power and Industrial Solutions Ltd.,https://groww.in/stocks/cg-power-industrial-solutions-ltd
IIFL Finance Ltd.,https://groww.in/stocks/iifl-holdings-ltd
Ajanta Pharma Ltd.,https://groww.in/stocks/ajanta-pharma-ltd
Varun Beverages Ltd.,https://groww.in/stocks/varun-beverages-ltd
Campus Activewear Ltd.,https://groww.in/stocks/campus-activewear-ltd
Data Patterns (India) Ltd.,https://groww.in/stocks/data-patterns-india-ltd
360 One Wam Ltd,https://groww.in/stocks/iifl-wealth-management-ltd-1568865430949
Vedant Fashions Ltd.,https://groww.in/stocks/vedant-fashions-ltd
Grindwell Norton Ltd.,https://groww.in/stocks/grindwell-norton-ltd
Saregama India Ltd.,https://groww.in/stocks/saregama-india-ltd
Global Health Ltd.,https://groww.in/stocks/global-health-ltd
Indiamart Intermesh Ltd.,https://groww.in/stocks/indiamart-intermesh-ltd
Bajaj Finserv Ltd.,https://groww.in/stocks/bajaj-finserv-ltd
RHI Magnesita India Ltd.,https://groww.in/stocks/orient-refractories-ltd
Electronics Mart India Ltd.,https://groww.in/stocks/electronics-mart-india-ltd
Muthoot Finance Ltd.,https://groww.in/stocks/muthoot-finance-ltd
Ipca Laboratories Ltd.,https://groww.in/stocks/ipca-laboratories-ltd
Info Edge (India) Ltd.,https://groww.in/stocks/info-edge-india-ltd
ICICI Prudential Life Insurance Company Ltd.,https://groww.in/stocks/icici-prudential-life-insurance-company-ltd
KNR Constructions Ltd.,https://groww.in/stocks/knr-construction-ltd
Five-Star Business Finance Ltd.,https://groww.in/stocks/fivestar-business-finance-ltd
Blue Star Ltd.,https://groww.in/stocks/blue-star-ltd
BEML Ltd.,https://groww.in/stocks/beml-ltd
Tega Industries Ltd.,https://groww.in/stocks/tega-industries-ltd
La Opala RG Ltd.,https://groww.in/stocks/la-opala-rg-ltd
Harsha Engineers International Ltd.,https://groww.in/stocks/harsha-engineers-international-ltd
HDFC Asset Management Company Ltd.,https://groww.in/stocks/hdfc-asset-management-company-ltd
Poly Medicure Ltd.,https://groww.in/stocks/poly-medicure-ltd
Dodla Dairy Ltd,https://groww.in/stocks/dodla-dairy-ltd
Dr. Lal Pathlabs Ltd.,https://groww.in/stocks/dr-lal-pathlabs-ltd
Mold-Tek Packaging Ltd.,https://groww.in/stocks/moldtek-packaging-ltd
L&T Technology Services Ltd.,https://groww.in/stocks/lt-technology-services-ltd
CCL Products (India) Ltd.,https://groww.in/stocks/ccl-products-india-ltd
Archean Chemical Industries Ltd.,https://groww.in/stocks/archean-chemical-industries-ltd
Neogen Chemicals Ltd.,https://groww.in/stocks/neogen-chemicals-ltd
Paradeep Phosphates Ltd.,https://groww.in/stocks/paradeep-phosphates-ltd
Antony Waste Handling Cell Ltd.,https://groww.in/stocks/antony-waste-handling-cell-ltd
Andhra Paper Ltd.,https://groww.in/stocks/international-paper-appm-ltd
Aether Industries Ltd.,https://groww.in/stocks/aether-industries-ltd
Coal India Ltd.,https://groww.in/stocks/coal-india-ltd
NMDC Ltd.,https://groww.in/stocks/nmdc-ltd
Clean Science And Technology Ltd.,https://groww.in/stocks/clean-science-and-technology-ltd
ACC Ltd.,https://groww.in/stocks/acc-ltd
Oil & Natural Gas Corporation Ltd.,https://groww.in/stocks/oil-natural-gas-corporation-ltd
KSB Ltd.,https://groww.in/stocks/ksb-ltd
Kennametal India Ltd.,https://groww.in/stocks/kennametal-india-ltd
Hitachi Energy India Ltd.,https://groww.in/stocks/abb-power-products-systems-india-ltd
Ashoka Buildcon Ltd.,https://groww.in/stocks/ashoka-buildcon-ltd
Lakshmi Machine Works Ltd.,https://groww.in/stocks/lakshmi-machine-works-ltd
MM Forgings Ltd.,https://groww.in/stocks/mm-forgings-ltd
Pitti Engineering Ltd.,https://groww.in/stocks/pitti-engineering-ltd
SKF India Ltd.,https://groww.in/stocks/skf-india-ltd
Bharat Bijlee Ltd.,https://groww.in/stocks/bharat-bijlee-ltd
MOIL Ltd.,https://groww.in/stocks/moil-ltd
Disa India Ltd.,https://groww.in/stocks/disa-india-ltd
Apar Industries Ltd.,https://groww.in/stocks/apar-industries-ltd
Minda Industries Ltd.,https://groww.in/stocks/minda-industries-ltd
Zee Entertainment Enterprises Ltd.,https://groww.in/stocks/zee-entertainment-enterprises-ltd
Mphasis Ltd.,https://groww.in/stocks/mphasis-ltd
Aditya Birla Fashion and Retail Ltd.,https://groww.in/stocks/aditya-birla-fashion-and-retail-ltd
Sudarshan Chemical Industries Ltd.,https://groww.in/stocks/sudarshan-chemical-industries-ltd
Brigade Enterprises Ltd.,https://groww.in/stocks/brigade-enterprises-ltd
Dalmia Bharat Ltd.,https://groww.in/stocks/odisha-cement-ltd
Indoco Remedies Ltd.,https://groww.in/stocks/indoco-remedies-ltd
Indian Energy Exchange Ltd.,https://groww.in/stocks/indian-energy-exchange-ltd
Can Fin Homes Ltd.,https://groww.in/stocks/can-fin-homes-ltd
Nazara Technologies Ltd.,https://groww.in/stocks/nazara-technologies-ltd
Medplus Health Services Ltd.,https://groww.in/stocks/medplus-health-services-ltd
Sterlite Technologies Ltd.,https://groww.in/stocks/sterlite-technologies-ltd
AU Small Finance Bank Ltd.,https://groww.in/stocks/au-small-finance-bank-ltd
Hatsun Agro Products Ltd.,https://groww.in/stocks/hatsun-agro-products-ltd
Housing Development Finance Corpn. Ltd.,https://groww.in/stocks/housing-development-finance-corporation-ltd
Shriram Transport Finance Company Ltd.,https://groww.in/stocks/shriram-transport-finance-company-ltd
Indraprastha Gas Ltd.,https://groww.in/stocks/indraprastha-gas-ltd
MindTree Ltd.,https://groww.in/stocks/mindtree-ltd
Motherson Sumi Systems Ltd.,https://groww.in/stocks/motherson-sumi-systems-ltd
Divi's Laboratories Ltd.,https://groww.in/stocks/divis-laboratories-ltd
Bharti Airtel Ltd. Partly Paid Equity,https://groww.in/stocks/bharti-airtel-ltd-partly-paid-up-equity-shares-rights-issue-352
Gujarat Fluorochemicals Ltd.,https://groww.in/stocks/inox-fluorochemicals-ltd
SBI Cards And Payment Services Ltd.,https://groww.in/stocks/sbi-cards-payment-services-ltd
Tech Mahindra Ltd.,https://groww.in/stocks/tech-mahindra-ltd
LIC Housing Finance Ltd.,https://groww.in/stocks/lic-housing-finance-ltd
Kansai Nerolac Paints Ltd.,https://groww.in/stocks/kansai-nerolac-paints-ltd
PB Fintech Ltd.,https://groww.in/stocks/pb-fintech-ltd
ICICI Lombard General Insurance Company Ltd.,https://groww.in/stocks/icici-lombard-general-insurance-co-ltd
Aurobindo Pharma Ltd.,https://groww.in/stocks/aurobindo-pharma-ltd
Tata Power Company Ltd.,https://groww.in/stocks/tata-power-company-ltd
Sundaram Finance Ltd.,https://groww.in/stocks/sundaram-finance-ltd
Pfizer Ltd.,https://groww.in/stocks/pfizer-ltd
Bharat Heavy Electricals Ltd.,https://groww.in/stocks/bharat-heavy-electricals-ltd
Pidilite Industries Ltd.,https://groww.in/stocks/pidilite-industries-ltd
Tata Elxsi Ltd.,https://groww.in/stocks/tata-elxsi-ltd
Zomato Ltd.,https://groww.in/stocks/zomato-ltd
Eureka Forbes Ltd.,https://groww.in/stocks/eureka-forbes-ltd
Karur Vysya Bank Ltd.,https://groww.in/stocks/karur-vysya-bank-ltd
Mahindra CIE Automotive Ltd.,https://groww.in/stocks/mahindra-cie-automotive-ltd
PVR Ltd.,https://groww.in/stocks/pvr-ltd
Britannia Industries Ltd.,https://groww.in/stocks/britannia-industries-ltd
Mahindra & Mahindra Financial Services Ltd.,https://groww.in/stocks/mahindra-mahindra-financial-services-ltd
Gujarat Pipavav Port Ltd.,https://groww.in/stocks/gujarat-pipavav-port-ltd
Hindustan Zinc Ltd.,https://groww.in/stocks/hindustan-zinc-ltd
Amara Raja Batteries Ltd.,https://groww.in/stocks/amara-raja-batteries-ltd
Mrs. Bectors Food Specialities Ltd.,https://groww.in/stocks/mrs-bectors-foods-specialities-ltd
Brookfield India Real Estate Trust REIT,https://groww.in/stocks/brookfield-india-real-estate-trust-reit
Embassy Office Parks REIT,https://groww.in/stocks/embassy-office-parks-reit
Petronet LNG Ltd.,https://groww.in/stocks/petronet-lng-ltd
Akzo Nobel India Ltd.,https://groww.in/stocks/akzo-nobel-india-ltd
Castrol India Ltd.,https://groww.in/stocks/castrol-india-ltd
Colgate-Palmolive (India) Ltd.,https://groww.in/stocks/colgatepalmolive-india-ltd
ICICI Securities Ltd.,https://groww.in/stocks/icici-securities-ltd
Indian Oil Corporation Ltd.,https://groww.in/stocks/indian-oil-corporation-ltd
Finolex Industries Ltd.,https://groww.in/stocks/finolex-industries-ltd
CESC Ltd.,https://groww.in/stocks/cesc-ltd
Rallis India Ltd.,https://groww.in/stocks/rallis-india-ltd
Poonawalla Fincorp Ltd.,https://groww.in/stocks/magma-fincorp-ltd
Bandhan Bank Ltd.,https://groww.in/stocks/bandhan-bank-ltd
Ujjivan Small Finance Bank Ltd.,https://groww.in/stocks/ujjivan-small-finance-bank-ltd
Housing Development Finance Corporation Ltd.,https://groww.in/stocks/housing-development-finance-corporation-ltd-hdfcw-377
Repco Home Finance Ltd.,https://groww.in/stocks/repco-home-finance-ltd
Cholamandalam Financial Holdings Ltd.,https://groww.in/stocks/ti-financial-holdings-ltd
Aditya Birla Sun Life Nifty Bank ETF - Growth,https://groww.in/stocks/aditya-birla-sun-life-amc-ltd-abslbanetf
Fusion Micro Finance Ltd.,https://groww.in/stocks/fusion-micro-finance-ltd
Punjab National Bank,https://groww.in/stocks/punjab-national-bank
JM Financial Ltd.,https://groww.in/stocks/jm-financial-ltd
Latent View Analytics Ltd.,https://groww.in/stocks/latent-view-analytics-ltd
Tracxn Technologies Ltd.,https://groww.in/stocks/tracxn-technologies-ltd
Aavas Financiers Ltd.,https://groww.in/stocks/aavas-financiers-ltd
Fino Payments Bank Ltd.,https://groww.in/stocks/fino-payments-bank-ltd
Igarashi Motors India Ltd.,https://groww.in/stocks/igarashi-motors-india-ltd
CarTrade Tech Ltd.,https://groww.in/stocks/cartrade-tech-ltd
GMM Pfaudler Ltd.,https://groww.in/stocks/gmm-pfaudler-ltd
Shyam Metalics And Energy Ltd.,https://groww.in/stocks/shyam-metalics-energy-ltd
Glenmark Pharmaceuticals Ltd.,https://groww.in/stocks/glenmark-pharmaceuticals-ltd
Strides Pharma Science Ltd.,https://groww.in/stocks/strides-pharma-science-ltd
Hindware Home Innovation Ltd.,https://groww.in/stocks/somany-home-innovation-ltd
Greaves Cotton Ltd.,https://groww.in/stocks/greaves-cotton-ltd
Kewal Kiran Clothing Ltd.,https://groww.in/stocks/kewal-kiran-clothing-ltd
Prataap Snacks Ltd.,https://groww.in/stocks/prataap-snacks-ltd
Tarsons Products Ltd.,https://groww.in/stocks/tarsons-products-ltd
Aarti Pharmalabs Ltd.,https://groww.in/stocks/aarti-pharmalabs-ltd
NMDC Steel Ltd.,https://groww.in/stocks/nmdc-steel-ltd
Solara Active Pharma Sciences Ltd.,https://groww.in/stocks/solara-active-pharma-science-ltd
AGI Greenpac Ltd.,https://groww.in/stocks/hsil-ltd
Bajaj Holdings & Investment Ltd.,https://groww.in/stocks/bajaj-holdings-investment-ltd
West Coast Paper Mills Ltd.,https://groww.in/stocks/west-coast-paper-mills-ltd
Emami Ltd.,https://groww.in/stocks/emami-ltd
Tube Investments Of India Ltd.,https://groww.in/stocks/tube-investments-of-india-ltd
Canara Bank,https://groww.in/stocks/canara-bank
Maharashtra Seamless Ltd.,https://groww.in/stocks/maharashtra-seamless-ltd
Dishman Carbogen Amcis Ltd.,https://groww.in/stocks/dishman-carbogen-amcis-ltd
Aegis Logistics Ltd.,https://groww.in/stocks/aegis-logistics-ltd
Sonata Software Ltd.,https://groww.in/stocks/sonata-software-ltd
JSW Steel Ltd.,https://groww.in/stocks/jsw-steel-ltd
Life Insurance Corporation of India,https://groww.in/stocks/life-insurance-corporation-of-india
Oil India Ltd.,https://groww.in/stocks/oil-india-ltd
Vardhman Textiles Ltd.,https://groww.in/stocks/vardhman-textiles-ltd
Prudent Corporate Advisory Services Ltd.,https://groww.in/stocks/prudent-corporate-advisory-services-ltd
Sharda Cropchem Ltd.,https://groww.in/stocks/sharda-cropchem-ltd
Adani Ports and Special Economic Zone Ltd.,https://groww.in/stocks/adani-ports-and-special-economic-zone-ltd
Mahindra Logistics Ltd.,https://groww.in/stocks/mahindra-logistics-ltd
J Kumar Infraprojects Ltd.,https://groww.in/stocks/j-kumar-infraproject-ltd
Oberoi Realty Ltd.,https://groww.in/stocks/oberoi-realty-ltd
Radiant Cash Management Services Ltd.,https://groww.in/stocks/radiant-cash-management-services-ltd
Quess Corp Ltd.,https://groww.in/stocks/quess-corp-ltd
Multi Commodity Exchange Of India Ltd.,https://groww.in/stocks/multi-commodity-exchange-of-india-ltd
Kalyan Jewellers India Ltd.,https://groww.in/stocks/kalyan-jewellers-india-ltd
Tata Metaliks Ltd.,https://groww.in/stocks/tata-metaliks-ltd
CSB Bank Ltd.,https://groww.in/stocks/csb-bank-ltd
Amrutanjan Health Care Ltd.,https://groww.in/stocks/amrutanjan-health-care-ltd
Cyient Ltd.,https://groww.in/stocks/cyient-ltd
Wabco India Ltd.,https://groww.in/stocks/wabco-india-ltd
Prestige Estates Projects Ltd.,https://groww.in/stocks/prestige-estate-projects-ltd
Capacite Infraprojects Ltd.,https://groww.in/stocks/capacite-infraprojects-ltd
The Karnataka Bank Ltd.,https://groww.in/stocks/the-karnataka-bank-ltd
UPL Ltd.,https://groww.in/stocks/upl-ltd
Kalpataru Power Transmission Ltd.,https://groww.in/stocks/kalpataru-power-transmission-ltd
REC Ltd.,https://groww.in/stocks/rec-ltd
Kirloskar Ferrous Industries Ltd.,https://groww.in/stocks/kirloskar-ferrous-industries-ltd
Equitas Small Finance Bank Ltd.,https://groww.in/stocks/equitas-small-finance-bank-ltd
Jindal Saw Ltd.,https://groww.in/stocks/jindal-saw-ltd
Vedanta Ltd.,https://groww.in/stocks/vedanta-ltd
Firstsource Solutions Ltd.,https://groww.in/stocks/firstsource-solutions-ltd
Welspun India Ltd.,https://groww.in/stocks/welspun-india-ltd
Power Finance Corporation Ltd.,https://groww.in/stocks/power-finance-corporation-ltd
Praj Industries Ltd.,https://groww.in/stocks/praj-industries-ltd
Elecon Engineering Company Ltd.,https://groww.in/stocks/elecon-engineering-company-ltd
L&T Finance Holdings Ltd.,https://groww.in/stocks/lt-finance-holdings-ltd
Jyothy Labs Ltd.,https://groww.in/stocks/jyothy-laboratories-ltd
Gabriel India Ltd.,https://groww.in/stocks/gabriel-india-ltd
Godfrey Phillips India Ltd.,https://groww.in/stocks/godfrey-phillips-india-ltd
JK Paper Ltd.,https://groww.in/stocks/jk-paper-ltd
Ion Exchange (India) Ltd.,https://groww.in/stocks/ion-exchange-india-ltd
Procter & Gamble Health Ltd.,https://groww.in/stocks/merck-ltd
Wendt (India) Ltd.,https://groww.in/stocks/wendt-india-ltd
Indian Railway Catering And Tourism Corporation Ltd.,https://groww.in/stocks/indian-railway-catering-tourism-corpn-ltd
Laurus Labs Ltd.,https://groww.in/stocks/laurus-labs-ltd
Vodafone Idea Ltd.,https://groww.in/stocks/vodafone-idea-ltd
Relaxo Footwears Ltd.,https://groww.in/stocks/relaxo-footwears-ltd
NIIT Ltd.,https://groww.in/stocks/niit-ltd
Krishna Institute of Medical Sciences Ltd,https://groww.in/stocks/krishna-institute-of-medical-sciences-ltd
CreditAccess Grameen Ltd.,https://groww.in/stocks/creditaccess-grameen-ltd
City Union Bank Ltd.,https://groww.in/stocks/city-union-bank-ltd
Kirloskar Pneumatic Company Ltd.,https://groww.in/stocks/kirloskar-pneumatic-company-ltd
Techno Electric & Engineering Company Ltd.,https://groww.in/stocks/techno-electric-engineering-company-ltd
Somany Ceramics Ltd.,https://groww.in/stocks/somany-ceramics-ltd
KEC International Ltd.,https://groww.in/stocks/kec-international-ltd
Westlife Foodworld Ltd.,https://groww.in/stocks/westlife-development-ltd
V-Mart Retail Ltd.,https://groww.in/stocks/vmart-retail-ltd
Butterfly Gandhimathi Appliances Ltd.,https://groww.in/stocks/butterfly-gandhimathi-appliances-ltd
VST Industries Ltd.,https://groww.in/stocks/vst-industries-ltd
Sanofi India Ltd.,https://groww.in/stocks/sanofi-india-ltd
Sheela Foam Ltd.,https://groww.in/stocks/sheela-foam-ltd
Sundaram-Clayton Ltd.,https://groww.in/stocks/sundaramclayton-ltd
Adani Enterprises Ltd.,https://groww.in/stocks/adani-enterprises-ltd
GHCL Ltd.,https://groww.in/stocks/ghcl-ltd
Marico Ltd.,https://groww.in/stocks/marico-ltd
Alembic Pharmaceuticals Ltd.,https://groww.in/stocks/alembic-pharmaceuticals-ltd
GR Infraprojects Ltd.,https://groww.in/stocks/gr-infraprojects-ltd
Fine Organic Industries Ltd.,https://groww.in/stocks/fine-organic-industries-ltd
Galaxy Surfactants Ltd.,https://groww.in/stocks/galaxy-surfactants-ltd
ZF Commercial Vehicle Control Systems India Ltd.,https://groww.in/stocks/wabco-india-ltd
Sansera Engineering Ltd.,https://groww.in/stocks/sansera-engineering-ltd
KFin Technologies Ltd.,https://groww.in/stocks/kfin-technologies-ltd
Suryoday Small Finance Bank Ltd.,https://groww.in/stocks/suryoday-small-finance-bank-ltd
Tatva Chintan Pharma Chem Ltd.,https://groww.in/stocks/tatva-chintan-pharma-chem-ltd
Chemplast Sanmar Ltd.,https://groww.in/stocks/chemplast-sanmar-ltd
Redington Ltd.,https://groww.in/stocks/redington-india-ltd
Oracle Financial Services Software Ltd.,https://groww.in/stocks/oracle-financial-services-software-ltd
BASF India Ltd.,https://groww.in/stocks/basf-india-ltd
Elantas Beck India Ltd.,https://groww.in/stocks/elantas-beck-india-ltd
Birlasoft Ltd.,https://groww.in/stocks/kpit-technologies-ltd
RateGain Travel Technologies Ltd.,https://groww.in/stocks/rategain-travel-technologies-ltd
CMS Info Systems Ltd.,https://groww.in/stocks/cms-info-systems-ltd
CE Info Systems Ltd.,https://groww.in/stocks/c-e-info-systems-ltd
Aditya Birla Sun Life Nifty IT ETF - Growth,https://groww.in/stocks/aditya-birla-sun-life-nifty-it-etf
eMudhra Ltd.,https://groww.in/stocks/emudhra-ltd
Prism Johnson Ltd.,https://groww.in/stocks/prism-johnson-ltd
Aster DM Healthcare Ltd.,https://groww.in/stocks/aster-dm-healthcare-ltd
IRB Infrastructure Developers Ltd.,https://groww.in/stocks/irb-infrastructure-developers-ltd
VA Tech Wabag Ltd.,https://groww.in/stocks/va-tech-wabag-ltd
The New India Assurance Company Ltd.,https://groww.in/stocks/the-new-india-assurance-co-ltd
Reserve Bank of India,https://groww.in/stocks/tb-860
Reserve Bank of India,https://groww.in/stocks/tb-302
Sula Vineyards Ltd.,https://groww.in/stocks/sula-vineyards-ltd
Ashiana Housing Ltd.,https://groww.in/stocks/ashiana-housing-ltd
Manappuram Finance Ltd.,https://groww.in/stocks/manappuram-finance-ltd
National Aluminium Company Ltd.,https://groww.in/stocks/national-aluminium-company-ltd
Esab India Ltd.,https://groww.in/stocks/esab-india-ltd
Greenply Industries Ltd.,https://groww.in/stocks/greenply-industries-ltd
Symphony Ltd.,https://groww.in/stocks/symphony-ltd
Mas Financial Services Ltd.,https://groww.in/stocks/mas-financial-services-ltd
Vijaya Diagnostic Centre Ltd.,https://groww.in/stocks/vijaya-diagnostic-centre-ltd
TTK Prestige Ltd.,https://groww.in/stocks/ttk-prestige-ltd
TTK Healthcare Ltd.,https://groww.in/stocks/ttk-healthcare-ltd
Angel One Ltd.,https://groww.in/stocks/angel-broking-ltd
Steel Authority Of India Ltd.,https://groww.in/stocks/steel-authority-of-india-ltd
Max Healthcare Institute Ltd.,https://groww.in/stocks/max-healthcare-institute-ltd
Deepak Nitrite Ltd.,https://groww.in/stocks/deepak-nitrite-ltd
Piramal Enterprises Ltd.,https://groww.in/stocks/piramal-enterprises-ltd
Bajaj Consumer Care Ltd.,https://groww.in/stocks/bajaj-corp-ltd
Zydus Wellness Ltd.,https://groww.in/stocks/zydus-wellness-ltd
Newgen Software Technologies Ltd.,https://groww.in/stocks/newgen-software-technologies-ltd
Shriram Finance Ltd,https://groww.in/stocks/shriram-transport-finance-company-ltd
Ceat Ltd.,https://groww.in/stocks/ceat-ltd
Prince Pipes and Fittings Ltd.,https://groww.in/stocks/prince-pipes-fittings-ltd
Sapphire Foods India Ltd.,https://groww.in/stocks/sapphire-foods-india-ltd
UTI Asset Management Company Ltd.,https://groww.in/stocks/uti-asset-management-company-ltd
Privi Speciality Chemicals Ltd.,https://groww.in/stocks/fairchem-speciality-ltd
Aptus Value Housing Finance India Ltd.,https://groww.in/stocks/aptus-value-housing-finance-india-ltd
Yes Bank Ltd.,https://groww.in/stocks/yes-bank-ltd
Axis Nifty 50 ETF - Growth,https://groww.in/stocks/axis-nifty-etf
Indian Railway Finance Corporation Ltd.,https://groww.in/stocks/indian-railway-finance-corporation-ltd
Varroc Engineering Ltd.,https://groww.in/stocks/varroc-engineering-ltd
Time Technoplast Ltd.,https://groww.in/stocks/time-technoplast-ltd
Hindustan Construction Company Ltd.,https://groww.in/stocks/hindustan-construction-company-ltd
Hawkins Cookers Ltd.,https://groww.in/stocks/hawkins-cookers-ltd
Lux Industries Ltd.,https://groww.in/stocks/lux-industries-ltd
Godrej Agrovet Ltd.,https://groww.in/stocks/godrej-agrovet-ltd
Suven Pharmaceuticals Ltd.,https://groww.in/stocks/suven-pharmaceuticals-ltd
The Great Eastern Shipping Company Ltd.,https://groww.in/stocks/the-great-eastern-shipping-company-ltd
Action Construction Equipment Ltd.,https://groww.in/stocks/action-construction-equipment-ltd
NOCIL Ltd.,https://groww.in/stocks/nocil-ltd
TCI Express Ltd.,https://groww.in/stocks/tci-express-ltd
Voltamp Transformers Ltd.,https://groww.in/stocks/voltamp-transformers-ltd
TeamLease Services Ltd.,https://groww.in/stocks/teamlease-services-ltd
Tejas Networks Ltd.,https://groww.in/stocks/tejas-networks-ltd
Greenpanel Industries Ltd.,https://groww.in/stocks/greenpanel-industries-ltd
Mastek Ltd.,https://groww.in/stocks/mastek-ltd
Agro Tech Foods Ltd.,https://groww.in/stocks/agro-tech-foods-ltd
Barbeque-Nation Hospitality Ltd.,https://groww.in/stocks/barbequenation-hospitality-ltd
Eris Lifesciences Ltd.,https://groww.in/stocks/eris-lifesciences-ltd
Graphite India Ltd.,https://groww.in/stocks/graphite-india-ltd
Syrma SGS Technology Ltd.,https://groww.in/stocks/syrma-sgs-technology-ltd
Central Depository Services (India) Ltd.,https://groww.in/stocks/central-depository-services-india-ltd
Reliance Industries Ltd - Partly Paid Equity,https://groww.in/stocks/reliance-industries-ltd-partly-paid-up-equity-shares-rights-issue
Tata Motors DVR,https://groww.in/stocks/tata-motors-dvr-ordinary
Housing Development Finance Corpn. Ltd.,https://groww.in/stocks/housing-development-finance-corporation-ltd-hdfcw-377
Cholamandalam Investment & Finance Company Ltd.,https://groww.in/stocks/cholamandalam-investment-finance-company-ltd
SBI Cards & Payments Services Ltd.,https://groww.in/stocks/sbi-cards-payment-services-ltd
Larsen & Toubro Infotech Ltd.,https://groww.in/stocks/larsen-toubro-infotech-ltd
Ami Organics Ltd.,https://groww.in/stocks/ami-organics-ltd
Windlas Biotech Ltd.,https://groww.in/stocks/windlas-biotech-ltd
Sequent Scientific Ltd.,https://groww.in/stocks/sequent-scientific-ltd
Jindal Stainless Ltd.,https://groww.in/stocks/jindal-stainless-ltd
Gulf Oil Lubricants India Ltd.,https://groww.in/stocks/gulf-oil-lubricants-india-ltd
Astec Lifesciences Ltd.,https://groww.in/stocks/astec-lifesciences-ltd
Nippon Life India Asset Management Ltd.,https://groww.in/stocks/reliance-nippon-life-asset-management-ltd
Sun TV Network Ltd.,https://groww.in/stocks/sun-tv-network-ltd
SJVN Ltd.,https://groww.in/stocks/sjvn-ltd
EPL Ltd.,https://groww.in/stocks/essel-propack-ltd
Ethos Ltd.,https://groww.in/stocks/ethos-ltd
Chalet Hotels Ltd.,https://groww.in/stocks/chalet-hotels-ltd
Avanti Feeds Ltd.,https://groww.in/stocks/avanti-feeds-ltd
DCM Shriram Ltd.,https://groww.in/stocks/dcm-shriram-ltd
Shoppers Stop Ltd.,https://groww.in/stocks/shoppers-stop-ltd
Procter & Gamble Hygiene & Health Care Ltd.,https://groww.in/stocks/procter-gamble-hygiene-health-care-ltd
INOX Leisure Ltd.,https://groww.in/stocks/inox-leisure-ltd
IOL Chemicals & Pharmaceuticals Ltd.,https://groww.in/stocks/iol-chemicals-pharmaceuticals-ltd
National Thermal Power Corp. Ltd.,https://groww.in/stocks/ntpc-ltd
ICRA Ltd.,https://groww.in/stocks/icra-ltd
Crisil Ltd.,https://groww.in/stocks/crisil-ltd
Johnson Controls - Hitachi Air Conditioning India Ltd.,https://groww.in/stocks/johnson-controls-hitachi-air-conditioning-india-ltd
Thomas Cook (India) Ltd.,https://groww.in/stocks/thomas-cook-india-ltd
Rossari Biotech Ltd.,https://groww.in/stocks/rossari-biotech-ltd
Asahi India Glass Ltd.,https://groww.in/stocks/asahi-india-glass-ltd
Triveni Engineering & Industries Ltd.,https://groww.in/stocks/triveni-engineering-industries-ltd
IDFC Ltd.,https://groww.in/stocks/idfc-ltd
JTL Industries Ltd,https://groww.in/stocks/jtl-infra-ltd
Wonderla Holidays Ltd.,https://groww.in/stocks/wonderla-holidays-ltd
Taj GVK Hotels & Resorts Ltd.,https://groww.in/stocks/taj-gvk-hotels-resorts-ltd
Arihant Superstructures Ltd.,https://groww.in/stocks/arihant-superstructures-ltd
Sunteck Realty Ltd.,https://groww.in/stocks/sunteck-realty-ltd
Force Motors Ltd.,https://groww.in/stocks/force-motors-ltd
Sobha Ltd.,https://groww.in/stocks/sobha-ltd
Adani Total Gas Ltd.,https://groww.in/stocks/adani-gas-ltd
eClerx Services Ltd.,https://groww.in/stocks/eclerx-services-ltd
Gujarat Ambuja Exports Ltd.,https://groww.in/stocks/gujarat-ambuja-exports-ltd
Aarti Drugs Ltd.,https://groww.in/stocks/aarti-drugs-ltd
Balaji Amines Ltd.,https://groww.in/stocks/balaji-amines-ltd
Nilkamal Ltd.,https://groww.in/stocks/nilkamal-ltd
Huhtamaki India Ltd.,https://groww.in/stocks/huhtamaki-ppl-ltd
Aditya Birla Capital Ltd.,https://groww.in/stocks/aditya-birla-capital-ltd
Mayur Uniquoters Ltd.,https://groww.in/stocks/mayur-uniquoters-ltd
Caplin Point Laboratories Ltd.,https://groww.in/stocks/caplin-point-laboratories-ltd
Welspun Corp Ltd.,https://groww.in/stocks/welspun-corp-ltd
Wheels India Ltd.,https://groww.in/stocks/wheels-india-ltd
Centum Electronics Ltd.,https://groww.in/stocks/centum-electronics-ltd
Mahanagar Gas Ltd.,https://groww.in/stocks/mahanagar-gas-ltd
Delta Corp Ltd.,https://groww.in/stocks/delta-corp-ltd
Motilal Oswal Financial Services Ltd.,https://groww.in/stocks/motilal-oswal-financial-services-ltd
Restaurant Brands Asia Ltd.,https://groww.in/stocks/burger-king-india-ltd
Goodyear India Ltd.,https://groww.in/stocks/goodyear-india-ltd
Dilip Buildcon Ltd.,https://groww.in/stocks/dilip-buildcon-ltd
Suprajit Engineering Ltd.,https://groww.in/stocks/suprajit-engineering-ltd
Orient Cement Ltd.,https://groww.in/stocks/orient-cement-ltd
Advanced Enzyme Technologies Ltd.,https://groww.in/stocks/advanced-enzyme-technologies-ltd
PNB Housing Finance Ltd.,https://groww.in/stocks/pnb-housing-finance-ltd
Insecticides (India) Ltd.,https://groww.in/stocks/insecticides-india-ltd
EIH Ltd.,https://groww.in/stocks/eih-ltd
Sterling and Wilson Renewable Energy Ltd.,https://groww.in/stocks/sterling-and-wilson-solar-ltd
DCX Systems Ltd.,https://groww.in/stocks/dcx-systems-ltd
Titagarh Wagons Ltd.,https://groww.in/stocks/titagarh-wagons-ltd
HDFC S&P BSE Sensex ETF-IDCW,https://groww.in/stocks/hdfc-sensex-etf-open-ended-traded-fund
Macrotech Developers Ltd.,https://groww.in/stocks/lodha-developers-ltd
Oriental Carbon & Chemicals Ltd.,https://groww.in/stocks/oriental-carbon-chemicals-ltd
Usha Martin Ltd.,https://groww.in/stocks/usha-martin-ltd
Just Dial Ltd.,https://groww.in/stocks/just-dial-ltd
HFCL Ltd.,https://groww.in/stocks/himachal-futuristic-communications-ltd
The India Cements Ltd.,https://groww.in/stocks/the-india-cements-ltd
TV18 Broadcast Ltd.,https://groww.in/stocks/tv-broadcast-ltd
Pricol Ltd.,https://groww.in/stocks/pricol-ltd
Stylam Industries Ltd.,https://groww.in/stocks/stylam-industries-ltd
E.I.D. - Parry (India) Ltd.,https://groww.in/stocks/eid-parry-india-ltd
Man Infraconstruction Ltd.,https://groww.in/stocks/man-infraconstruction-ltd
Nitin Spinners Ltd.,https://groww.in/stocks/nitin-spinners-ltd
The Jammu & Kashmir Bank Ltd.,https://groww.in/stocks/the-jammu-kashmir-bank-ltd
Primo Chemicals Ltd.,https://groww.in/stocks/punjab-alkalies-chemicals-ltd
Granules India Ltd.,https://groww.in/stocks/granules-india-ltd
Best Agrolife Ltd.,https://groww.in/stocks/sahyog-multibase-ltd
Jash Engineering Ltd.,https://groww.in/stocks/jash-engineering-ltd
Rashtriya Chemicals and Fertilizers Ltd.,https://groww.in/stocks/rashtriya-chemicals-fertilizers-ltd
Marksans Pharma Ltd.,https://groww.in/stocks/marksans-pharma-ltd
Divgi TorqTransfer Systems Ltd.,https://groww.in/stocks/divgi-torqtransfer-systems-ltd
Neuland Laboratories Ltd.,https://groww.in/stocks/neuland-laboratories-ltd
Ramkrishna Forgings Ltd.,https://groww.in/stocks/ramkrishna-forgings-ltd
Garware Hi-Tech Films Ltd.,https://groww.in/stocks/garware-polyester-ltd
Tata Coffee Ltd.,https://groww.in/stocks/tata-coffee-ltd
Union Bank of India,https://groww.in/stocks/union-bank-of-india
Apollo Micro Systems Ltd.,https://groww.in/stocks/apollo-micro-systems-ltd
Orient Paper & Industries Ltd.,https://groww.in/stocks/orient-paper-industries-ltd
TV Today Network Ltd.,https://groww.in/stocks/tv-today-network-ltd
Himadri Speciality Chemical Ltd.,https://groww.in/stocks/himadri-speciality-chemical-ltd
Hi-Tech Pipes Ltd.,https://groww.in/stocks/hitech-pipes-ltd
Confidence Petroleum India Ltd.,https://groww.in/stocks/confidence-petroleum-india-ltd
Gulshan Polyols Ltd.,https://groww.in/stocks/gulshan-polyols-ltd
Bharat Rasayan Ltd.,https://groww.in/stocks/bharat-rasayan-ltd
Sun Pharma Advanced Research Company Ltd.,https://groww.in/stocks/sun-pharma-advanced-research-company-ltd
Vimta Labs Ltd.,https://groww.in/stocks/vimta-labs-ltd
PTC India Financial Services Ltd.,https://groww.in/stocks/ptc-india-financial-services-ltd
NACL Industries Ltd.,https://groww.in/stocks/nacl-industries-ltd
AGS Transact Technologies Ltd.,https://groww.in/stocks/ags-transact-technologies
Nahar Spinning Mills Ltd.,https://groww.in/stocks/nahar-spinning-mills-ltd
Camlin Fine Sciences Ltd.,https://groww.in/stocks/camlin-fine-sciences-ltd
Rites Ltd.,https://groww.in/stocks/rites-ltd
Raymond Ltd.,https://groww.in/stocks/raymond-ltd
Vindhya Telelinks Ltd.,https://groww.in/stocks/vindhya-telelinks-ltd
Honda India Power Products Ltd.,https://groww.in/stocks/honda-siel-power-products-ltd
Tata Steel Long Products Ltd.,https://groww.in/stocks/tata-sponge-iron-ltd
SIS Ltd.,https://groww.in/stocks/security-and-intelligence-services-india-ltd
Genus Power Infrastructures Ltd.,https://groww.in/stocks/genus-power-infrastructures-ltd
Care Ratings Ltd.,https://groww.in/stocks/care-ratings-ltd
Astrazeneca Pharma India Ltd.,https://groww.in/stocks/astrazeneca-pharma-india-ltd
V.S.T. Tillers Tractors Ltd.,https://groww.in/stocks/vst-tillers-tractors-ltd
JTEKT India Ltd.,https://groww.in/stocks/jtekt-india-ltd
Fineotex Chemical Ltd.,https://groww.in/stocks/fineotex-chemical-ltd
Polyplex Corporation Ltd.,https://groww.in/stocks/polyplex-corporation-ltd
Landmark Cars Ltd.,https://groww.in/stocks/landmark-cars-ltd
Jubilant Ingrevia Ltd.,https://groww.in/stocks/jubilant-ingrevia-ltd
Sundaram Finance Holdings Ltd.,https://groww.in/stocks/sundaram-finance-holdings-ltd
LG Balakrishnan & Bros Ltd.,https://groww.in/stocks/lg-balakrishnan-brothers-ltd
Greenlam Industries Ltd.,https://groww.in/stocks/greenlam-industries-ltd
Venus Pipes & Tubes Ltd.,https://groww.in/stocks/venus-pipes-tubes-ltd
Styrenix Performance Materials Ltd.,https://groww.in/stocks/ineos-styrolution-india-ltd
Thyrocare Technologies Ltd.,https://groww.in/stocks/thyrocare-technologies-ltd
Intellect Design Arena Ltd.,https://groww.in/stocks/intellect-design-arena-ltd
Shriram Properties Ltd.,https://groww.in/stocks/shriram-properties-ltd
Texmaco Rail & Engineering Ltd.,https://groww.in/stocks/texmaco-rail-engineering-ltd
Supriya Lifescience Ltd.,https://groww.in/stocks/supriya-lifescience-ltd
Pokarna Ltd.,https://groww.in/stocks/pokarna-ltd
Electrosteel Castings Ltd.,https://groww.in/stocks/electrosteel-castings-ltd
Apex Frozen Foods Ltd.,https://groww.in/stocks/apex-frozen-foods-ltd
Uniparts India Ltd.,https://groww.in/stocks/uniparts-india-ltd
Mishra Dhatu Nigam Ltd.,https://groww.in/stocks/mishra-dhatu-nigam-ltd
Railtel Corporation Of India Ltd.,https://groww.in/stocks/railtel-corporation-of-india-ltd
Route Mobile Ltd.,https://groww.in/stocks/route-mobile-ltd
Maharashtra Scooters Ltd.,https://groww.in/stocks/maharashtra-scooters-ltd
Deepak Fertilisers And Petrochemicals Corporation Ltd.,https://groww.in/stocks/deepak-fertilisers-petrochemicals-corporation-ltd
TCNS Clothing Co. Ltd.,https://groww.in/stocks/tcns-clothing-co-ltd
SJS Enterprises Ltd.,https://groww.in/stocks/sjs-enterprises-ltd
BSE Ltd.,https://groww.in/stocks/bse-ltd
Elgi Equipments Ltd.,https://groww.in/stocks/elgi-equipments-ltd
Lemon Tree Hotels Ltd.,https://groww.in/stocks/lemon-tree-hotels-ltd
Rajratan Global Wire Ltd.,https://groww.in/stocks/rajratan-global-wire-ltd
Hatsun Agro Product Ltd.,https://groww.in/stocks/hatsun-agro-products-ltd
Star Cement Ltd.,https://groww.in/stocks/star-cement-ltd
Alembic Ltd.,https://groww.in/stocks/alembic-ltd
Thangamayil Jewellery Ltd.,https://groww.in/stocks/thangamayil-jewellery-ltd
Capri Global Capital Ltd.,https://groww.in/stocks/capri-global-capital-ltd
Laxmi Organic Industries Ltd.,https://groww.in/stocks/laxmi-organic-industries-ltd
Apollo Pipes Ltd.,https://groww.in/stocks/apollo-pipes-ltd
WPIL Ltd.,https://groww.in/stocks/wpil-ltd
Dhanuka Agritech Ltd.,https://groww.in/stocks/dhanuka-agritech-ltd
Heritage Foods Ltd.,https://groww.in/stocks/heritage-foods-ltd
Happiest Minds Technologies Ltd.,https://groww.in/stocks/happiest-minds-technologies-ltd
Kolte-Patil Developers Ltd.,https://groww.in/stocks/kolte-patil-developers-ltd
India Glycols Ltd.,https://groww.in/stocks/india-glycols-ltd
Stove Kraft Ltd.,https://groww.in/stocks/stove-kraft-ltd
Piramal Pharma Ltd.,https://groww.in/stocks/piramal-pharma-ltd
Patanjali Foods Ltd.,https://groww.in/stocks/ruchi-soya-industries-ltd
Swaraj Engines Ltd.,https://groww.in/stocks/swaraj-engines-ltd
Mangalam Cement Ltd.,https://groww.in/stocks/mangalam-cement-ltd
NRB Bearings Ltd.,https://groww.in/stocks/nrb-bearings-ltd
Power Mech Projects Ltd.,https://groww.in/stocks/power-mech-projects-ltd
Unichem Laboratories Ltd.,https://groww.in/stocks/unichem-laboratories-ltd
Shaily Engineering Plastics Ltd.,https://groww.in/stocks/shaily-engineering-plastics-ltd
IFGL Refractories Ltd.,https://groww.in/stocks/ifgl-refractories-ltd
D.B. Corp Ltd.,https://groww.in/stocks/db-corp-ltd
Jagran Prakashan Ltd.,https://groww.in/stocks/jagran-prakashan-ltd
Mirza International Ltd.,https://groww.in/stocks/mirza-international-ltd
Arvind Fashions Ltd.,https://groww.in/stocks/arvind-fashions-ltd
Matrimony.Com Ltd.,https://groww.in/stocks/matrimonycom-ltd
Krsnaa Diagnostics Ltd.,https://groww.in/stocks/krsnaa-diagnostics-ltd-643
S.P. Apparels Ltd.,https://groww.in/stocks/sp-apparels-ltd
Allcargo Logistics Ltd.,https://groww.in/stocks/allcargo-logistics-ltd
Healthcare Global Enterprises Ltd.,https://groww.in/stocks/healthcare-global-enterprises-ltd
Keystone Realtors Ltd,https://groww.in/stocks/keystone-realtors-ltd
Hikal Ltd.,https://groww.in/stocks/hikal-ltd
Eveready Industries India Ltd.,https://groww.in/stocks/eveready-industries-india-ltd
Ganesha Ecosphere Ltd.,https://groww.in/stocks/ganesha-ecosphere-ltd
Ramco Industries Ltd.,https://groww.in/stocks/ramco-industries-ltd
Vardhman Special Steels Ltd.,https://groww.in/stocks/vardhman-special-steels-ltd
SH Kelkar And Company Ltd.,https://groww.in/stocks/sh-kelkar-co-ltd
Powergrid Infrastructure Investment Trust Eq,https://groww.in/stocks/powergrid-infrastructure-investment-trust
Housing Development Finance Corporation Ltd.,https://groww.in/stocks/housing-development-finance-corporation-ltd-hdfc-904
Easy Trip Planners Ltd.,https://groww.in/stocks/easy-trip-planners-ltd
India Pesticides Ltd.,https://groww.in/stocks/india-pesticides-ltd
Network 18 Media & Investments Ltd.,https://groww.in/stocks/network-media-investment-ltd
Rossell India Ltd.,https://groww.in/stocks/rossell-india-ltd
Century Enka Ltd.,https://groww.in/stocks/century-enka-ltd
Lyka Labs Ltd.,https://groww.in/stocks/lyka-labs-ltd
Shanthi Gears Ltd.,https://groww.in/stocks/shanthi-gears-ltd
PSP Projects Ltd.,https://groww.in/stocks/psp-projects-ltd
Khadim India Ltd.,https://groww.in/stocks/khadim-india-ltd
Navneet Education Ltd.,https://groww.in/stocks/navneet-education-ltd
Mahindra Holidays & Resorts India Ltd.,https://groww.in/stocks/mahindra-holidays-resorts-india-ltd
Gujarat Narmada Valley Fertilizers & Chemicals Ltd.,https://groww.in/stocks/gujarat-narmada-valley-fertilizers-chemicals-ltd
Chennai Petroleum Corporation Ltd.,https://groww.in/stocks/chennai-petroleum-corporation-ltd
Sarda Energy & Minerals Ltd.,https://groww.in/stocks/sarda-energy-minerals-ltd
Globus Spirits Ltd.,https://groww.in/stocks/globus-spirits-ltd
Control Print Ltd.,https://groww.in/stocks/control-print-ltd
Mitsu Chem Plast Ltd.,https://groww.in/stocks/mitsu-chem-plast-ltd
Aarti Surfactants Ltd.,https://groww.in/stocks/aarti-surfactants-ltd
Federal-Mogul Goetze (India) Ltd.,https://groww.in/stocks/federalmogul-goetze-india-ltd
Inox Green Energy Services Ltd.,https://groww.in/stocks/inox-green-energy-services-ltd
Indiabulls Nifty 50 ETF,https://groww.in/stocks/indiabulls-nifty-exchange-traded-fund-ibmfnifty
Mazagon Dock Shipbuilders Ltd.,https://groww.in/stocks/mazagon-dock-shipbuilders-ltd
Indian Oil Corpn. Ltd.,https://groww.in/stocks/indian-oil-corporation-ltd
Phoenix Mills Ltd.,https://groww.in/stocks/phoenix-mills-ltd
Rainbow Childrens Medicare Ltd.,https://groww.in/stocks/rainbow-childrens-medicare-ltd
JK Cement Ltd,https://groww.in/stocks/jk-cement-ltd
Indian Hume Pipe Company Ltd.,https://groww.in/stocks/indian-hume-pipe-company-ltd
Atul Auto Ltd.,https://groww.in/stocks/atul-auto-ltd
IG Petrochemicals Ltd.,https://groww.in/stocks/ig-petrochemicals-ltd
Punjab Chemicals & Crop Protection Ltd.,https://groww.in/stocks/punjab-chemicals-crop-protection-ltd
Godrej Industries Ltd.,https://groww.in/stocks/godrej-industries-ltd
Manorama Industries Ltd.,https://groww.in/stocks/manorama-industries-ltd
REC Ltd.,https://groww.in/stocks/rec-ltd-recl-293479
Indus Towers Ltd.,https://groww.in/stocks/bharti-infratel-ltd
Dish TV India Ltd.,https://groww.in/stocks/dish-tv-india-ltd
Spandana Sphoorty Financial Ltd.,https://groww.in/stocks/spandana-sphoorty-financial-ltd
Nesco Ltd.,https://groww.in/stocks/nesco-ltd
Chemcon Speciality Chemicals Ltd.,https://groww.in/stocks/chemcon-speciality-chemicals-ltd
Indigo Paints Ltd.,https://groww.in/stocks/indigo-paints-ltd
Aditya Birla Sun Life AMC Ltd.,https://groww.in/stocks/aditya-birla-sun-life-amc-ltd
Paras Defence And Space Technologies Ltd.,https://groww.in/stocks/paras-defence-and-space-technologies-ltd
GE Power India Ltd.,https://groww.in/stocks/ge-power-india-ltd
Dollar Industries Ltd.,https://groww.in/stocks/dollar-industries-ltd
HEG Ltd.,https://groww.in/stocks/heg-ltd
Oriental Aromatics Ltd.,https://groww.in/stocks/oriental-aromatics-ltd
Hindustan Foods Ltd.,https://groww.in/stocks/hindustan-foods-ltd
Tasty Bite Eatables Ltd.,https://groww.in/stocks/tasty-bite-eatables-ltd
The South Indian Bank Ltd.,https://groww.in/stocks/the-south-indian-bank-ltd
Schneider Electric Infrastructure Ltd.,https://groww.in/stocks/schneider-electric-infrastructure-ltd
Valiant Organics Ltd.,https://groww.in/stocks/valiant-organics-ltd
Housing & Urban Development Corporation Ltd.,https://groww.in/stocks/housing-urban-development-corporation-ltd-hudco-110
Muthoot Finance Ltd.,https://groww.in/stocks/muthoot-finance-ltd-mflve
Housing Development Finance Corporation Ltd.,https://groww.in/stocks/housing-development-finance-corplt-hdfc-439
Inox Wind Energy Ltd.,https://groww.in/stocks/inox-wind-energy-ltd
GFL Ltd.,https://groww.in/stocks/gujarat-fluorochemicals-ltd
BEML Ltd,https://groww.in/stocks/beml-ltd
National Highways Infra Trust,https://groww.in/stocks/national-highways-infra-trust
Aditya Birla Sun Life Nifty Next 50 ETF - Growth,https://groww.in/stocks/aditya-birla-sun-life-amc-ltd-abslnnet
Reserve Bank of India,https://groww.in/stocks/tb-283
Cochin Shipyard Ltd.,https://groww.in/stocks/cochin-shipyard-ltd
Gujarat Mineral Development Corporation Ltd.,https://groww.in/stocks/gujarat-mineral-development-corporation-ltd
TVS Srichakra Ltd.,https://groww.in/stocks/tvs-srichakra-ltd
Accelya Solutions India Ltd.,https://groww.in/stocks/accelya-kale-solutions-ltd
Ujjivan Financial Services Ltd.,https://groww.in/stocks/ujjivan-financial-services-ltd
Kovai Medical Center & Hospital Ltd.,https://groww.in/stocks/kovai-medical-center-hospital-ltd
Heranba Industries Ltd.,https://groww.in/stocks/heranba-industries-ltd
GOI,https://groww.in/stocks/goi-loan--754
Satin Creditcare Network Ltd.,https://groww.in/stocks/satin-creditcare-network-ltd
IFB Industries Ltd.,https://groww.in/stocks/ifb-industries-ltd
Puravankara Ltd.,https://groww.in/stocks/puravankara-ltd
Garden Reach Shipbuilders & Engineers Ltd.,https://groww.in/stocks/garden-reach-shipbuilders-engineers-ltd
Housing & Urban Development Corporation Ltd.,https://groww.in/stocks/housing-urban-development-corporation-ltd
Rail Vikas Nigam Ltd.,https://groww.in/stocks/rail-vikas-nigam-ltd
TruCap Finance Ltd.,https://groww.in/stocks/dhanvarsha-finvest-ltd
Ircon International Ltd.,https://groww.in/stocks/ircon-international-ltd
Nippon India ETF Nifty PSU Bank BeES,https://groww.in/stocks/reliance-etf-psu-bank-bees
Arvind Smartspaces Ltd.,https://groww.in/stocks/arvind-smartspaces-ltd
Oriental Hotels Ltd.,https://groww.in/stocks/oriental-hotels-ltd
Rama Steel Tubes Ltd.,https://groww.in/stocks/rama-steel-tubes-ltd
V2 Retail Ltd.,https://groww.in/stocks/v-retail-ltd
GOI,https://groww.in/stocks/goi-loan--476
General Insurance Corporation of India,https://groww.in/stocks/general-insurance-corporation-of-india-ltd
Tamil Nadu Newsprint & Papers Ltd.,https://groww.in/stocks/tamil-nadu-newsprint-papers-ltd
Gujarat Alkalies And Chemicals Ltd.,https://groww.in/stocks/gujarat-alkalies-chemicals-ltd
Berger Paints India Ltd.,https://groww.in/stocks/berger-paints-india-ltd
Orchid Pharma Ltd.,https://groww.in/stocks/orchid-pharma-ltd
Jubilant Pharmova Ltd.,https://groww.in/stocks/jubilant-life-sciences-ltd
Westlife Development Ltd.,https://groww.in/stocks/westlife-development-ltd
Religare Enterprises Ltd.,https://groww.in/stocks/religare-enterprises-ltd
Supreme Petrochem Ltd.,https://groww.in/stocks/supreme-petrochem-ltd
Sterling Tools Ltd.,https://groww.in/stocks/sterling-tools-ltd
Alkyl Amines Chemicals Ltd.,https://groww.in/stocks/alkyl-amines-chemicals-ltd
Emami Paper Mills Ltd.,https://groww.in/stocks/emami-paper-mills-ltd
Wim Plast Ltd.,https://groww.in/stocks/wim-plast-ltd
Power Grid Corporation of India Ltd.,https://groww.in/stocks/power-grid-corporation-of-india-ltd
Shipping Corporation Of India Ltd.,https://groww.in/stocks/shipping-corporation-of-india-ltd
Dynamatic Technologies Ltd.,https://groww.in/stocks/dynamatic-technologies-ltd
Premier Explosives Ltd.,https://groww.in/stocks/premier-explosives-ltd
Simplex Infrastructures Ltd.,https://groww.in/stocks/simplex-infrastructures-ltd
MEP Infrastructure Developers Ltd.,https://groww.in/stocks/mep-infrastructure-developers-ltd
KPR Mills Ltd.,https://groww.in/stocks/kpr-mill-ltd
Cosmo Films Ltd.,https://groww.in/stocks/cosmo-films-ltd
Kaveri Seed Company Ltd.,https://groww.in/stocks/kaveri-seed-company-ltd
Nath Bio-Genes (India) Ltd.,https://groww.in/stocks/nath-biogenes-india-ltd
Hathway Cable & Datacom Ltd.,https://groww.in/stocks/hathway-cable-datacom-ltd
JSW Energy Ltd.,https://groww.in/stocks/jsw-energy-ltd
Ador Welding Ltd.,https://groww.in/stocks/ador-welding-ltd
Nippon India ETF Nifty 50 Value 20-IDCW,https://groww.in/stocks/rshares-nv-etf
Gufic Biosciences Ltd.,https://groww.in/stocks/gufic-biosciences-ltd
Vaibhav Global Ltd.,https://groww.in/stocks/vaibhav-global-ltd
GOI,https://groww.in/stocks/goi-351
Kalyani Steels Ltd.,https://groww.in/stocks/kalyani-steels-ltd
Lumax Auto Technologies Ltd.,https://groww.in/stocks/lumax-auto-technologies-ltd
LT Foods Ltd.,https://groww.in/stocks/lt-foods-ltd
Dwarikesh Sugar Industries Ltd.,https://groww.in/stocks/dwarikesh-sugar-industries-ltd
Siyaram Silk Mills Ltd.,https://groww.in/stocks/siyaram-silk-mills-ltd
TCPL Packaging Ltd.,https://groww.in/stocks/tcpl-packaging-ltd
Himatsingka Seide Ltd.,https://groww.in/stocks/himatsingka-seide-ltd
SIRCA Paints India Ltd.,https://groww.in/stocks/sirca-paints-india-ltd
Nava Ltd.,https://groww.in/stocks/nava-bharat-ventures-ltd
IDBI Bank Ltd.,https://groww.in/stocks/idbi-bank-ltd
Shankara Building Products Ltd.,https://groww.in/stocks/shankara-building-products-ltd
TCNS Clothing Co Ltd.,https://groww.in/stocks/tcns-clothing-co-ltd
LatentView Analytics Ltd.,https://groww.in/stocks/latent-view-analytics-ltd
